tempo;resultado
1.379663786;5.002686345999615E71.351443117;5.002686346E71.504466053;5.002686346E72.562549949;1000000